INSERT INTO public.REST_DB_TOOLS(TOOL_ID,TASK_ID,TOOL_NAME) VALUES (1,2,'TOOL1');
INSERT INTO public.REST_DB_TOOLS(TOOL_ID,TASK_ID,TOOL_NAME) VALUES (2,3,'TOOL2');
INSERT INTO public.REST_DB_TOOLS(TOOL_ID,TASK_ID,TOOL_NAME) VALUES (3,3,'TOOL3');
INSERT INTO public.REST_DB_TOOLS(TOOL_ID,TASK_ID,TOOL_NAME) VALUES (4,1,'TOOL4');


--LOAD TABLE LP_WORK_PACKAGE
INSERT INTO public.LP_WORK_PACKAGE(LPWP_BARCODE, LPWP_NAME,LPWP_STATUS, LPWP_LOCATION,LPWP_DATE_TIME_START, LPWP_DATE_TIME_END ) VALUES ('BC1', 'WP1','OPEN','LOC1',NOW(),null);
INSERT INTO public.LP_WORK_PACKAGE(LPWP_BARCODE, LPWP_NAME,LPWP_STATUS, LPWP_LOCATION,LPWP_DATE_TIME_START, LPWP_DATE_TIME_END ) VALUES ('BC3', 'WP3','OPEN','LOC2',NOW(),NOW());
INSERT INTO public.LP_WORK_PACKAGE(LPWP_BARCODE, LPWP_NAME,LPWP_STATUS, LPWP_LOCATION,LPWP_DATE_TIME_START, LPWP_DATE_TIME_END ) VALUES ('BC4', 'WP4','OPEN','LOC1',NOW(),null);

--LOAD TABLE LP_AIRCRAFT

INSERT INTO public.LP_AIRCRAFT(LPAC_AC_REG_CD, LPAC_ASSMBL_CD,LPAC_AUTHORITY_CD ) VALUES ('TAIL1', 'FLEET1','OPT1');
INSERT INTO public.LP_AIRCRAFT(LPAC_AC_REG_CD, LPAC_ASSMBL_CD,LPAC_AUTHORITY_CD ) VALUES ('TAIL2', 'FLEET1','OPT3');
INSERT INTO public.LP_AIRCRAFT(LPAC_AC_REG_CD, LPAC_ASSMBL_CD,LPAC_AUTHORITY_CD ) VALUES ('TAIL3', 'FLEET2','OPT4');
INSERT INTO public.LP_AIRCRAFT(LPAC_AC_REG_CD, LPAC_ASSMBL_CD,LPAC_AUTHORITY_CD ) VALUES ('TAIL4', 'FLEET2','OPT1');


--LOAD TABLE LP_TASK

INSERT INTO public.LP_TASK(LPTK_CODE, LPTK_BARCODE,LPTK_CODE_MXI, LPAC_AC_REG_CD,LPWP_BARCODE,LPTK_NAME,LPTK_STATUS, LPTK_TASK_TYPE,LPTK_DUE_DATE,LPTK_DUE_DATE_EXT,LPTK_DUE_DATE_FNL,LPTK_YIELD, LPTK_DURATION, LPTK_BARCODE_DVR,LPTK_DUE_DATE_DVR,LPTK_PRIORITY,LPTK_SCHED_STATUS)VALUES (1,'BARCODE_TK_1',3,'TAIL1','BC1','LPTK_NAME','OPEN','TYPE',NOW(),null,NOW(),12,233,null,null,1,'OPEN');


INSERT INTO public.LP_TASK(LPTK_CODE, LPTK_BARCODE,LPTK_CODE_MXI, LPAC_AC_REG_CD,LPWP_BARCODE,LPTK_NAME,LPTK_STATUS, LPTK_TASK_TYPE,LPTK_DUE_DATE,LPTK_DUE_DATE_EXT,LPTK_DUE_DATE_FNL,LPTK_YIELD, LPTK_DURATION, LPTK_BARCODE_DVR,LPTK_DUE_DATE_DVR,LPTK_PRIORITY,LPTK_SCHED_STATUS)VALUES (2,'BARCODE_TK_2',2,'TAIL1','BC3','LPTK_NAME_1','OPEN','TYPE',NOW(),null,NOW(),12,933,null,null,1,'OPEN');


INSERT INTO public.LP_TASK(LPTK_CODE, LPTK_BARCODE,LPTK_CODE_MXI, LPAC_AC_REG_CD,LPWP_BARCODE,LPTK_NAME,LPTK_STATUS, LPTK_TASK_TYPE,LPTK_DUE_DATE,LPTK_DUE_DATE_EXT,LPTK_DUE_DATE_FNL,LPTK_YIELD, LPTK_DURATION, LPTK_BARCODE_DVR,LPTK_DUE_DATE_DVR,LPTK_PRIORITY,LPTK_SCHED_STATUS)VALUES (3,'BARCODE_TK_3',4,'TAIL2','BC4','LPTK_NAME_2','OPEN','TYPE',NOW(),null,NOW(),12,999,null,null,1,'OPEN');



